"","title","movieInfo","point","review_content"
"1","사냥의 시간","https://movie.naver.com/movie/point/af/list.nhnhttps://movie.naver.com/movie/point/af/list.nhn?page=100?st=mcode&sword=174808&target=after","10","사이버펑크2077을 능가한 버그 사냥의시간2077 "
"2","콜","https://movie.naver.com/movie/point/af/list.nhnhttps://movie.naver.com/movie/point/af/list.nhn?page=100?st=mcode&sword=179879&target=after","10","배우분들 열연에 박수칩니다..간만에 정말 재밌는영화였어여 "
"3","위대한 쇼맨","https://movie.naver.com/movie/point/af/list.nhnhttps://movie.naver.com/movie/point/af/list.nhn?page=100?st=mcode&sword=106360&target=after","10","말해뭐해 인생뮤지컬영화 "
"4","소울","https://movie.naver.com/movie/point/af/list.nhnhttps://movie.naver.com/movie/point/af/list.nhn?page=100?st=mcode&sword=184517&target=after","10","인생이란 도착지로 달려가는 것이 아니라 살아가고, 살아내는 것. "
"5","화양연화","https://movie.naver.com/movie/point/af/list.nhnhttps://movie.naver.com/movie/point/af/list.nhn?page=100?st=mcode&sword=28876&target=after","8","영상미가 뛰어나고 연기가 좋았다 "
"6","미션 파서블","https://movie.naver.com/movie/point/af/list.nhnhttps://movie.naver.com/movie/point/af/list.nhn?page=100?st=mcode&sword=189124&target=after","10","존잼띠 ㅈㄴ 깔깔웃음 김영광 존잘 ..?? "
"7","결백","https://movie.naver.com/movie/point/af/list.nhnhttps://movie.naver.com/movie/point/af/list.nhn?page=100?st=mcode&sword=180378&target=after","10","신혜선 배우님 연기 너무 잘하시는 것같아요배종옥 배우님두 잘하시고 진짜 믿보배 신혜선 "
"8","죽지않는 인간들의 밤","https://movie.naver.com/movie/point/af/list.nhnhttps://movie.naver.com/movie/point/af/list.nhn?page=100?st=mcode&sword=183854&target=after","8","잉? ㅋㅋ 굉장히 세련된 B급이었는뎅...재밌었는뎅 평점 왜이랭 "
"9","인투 더 미러","https://movie.naver.com/movie/point/af/list.nhnhttps://movie.naver.com/movie/point/af/list.nhn?page=100?st=mcode&sword=154259&target=after","10","기대하고 봤는데도 내용이 너무 재밌어요. 집중력 쩔어요 "
"10","몬스터 헌터","https://movie.naver.com/movie/point/af/list.nhnhttps://movie.naver.com/movie/point/af/list.nhn?page=100?st=mcode&sword=190011&target=after","4","그래픽 퀄은 좋으나 설득력이 약함,, 로켓런처를 맞고도 끄덕없는 디아블로스를 여자힘으로 찍은 칼에 죽다니,,, ㅋㅋㅋㅋ "
